[
        {
            "id": 0,
            "skill_name": "JavaScript",
            "skill_category": "code",
            "skill_logo": "../images/logos/skills-logos/javascript/javascript-original.svg"
        },
        {
            "id": 1,
            "skill_name": "HTML5",
            "skill_category": "code",
            "skill_logo": "../images/logos/skills-logos/html/html5-original.svg"
        },
        {
            "id": 2,
            "skill_name": "CSS3",
            "skill_category": "code",
            "skill_logo": "../images/logos/skills-logos/css3/css3-original.svg"
        },
        {
            "id": 3,
            "skill_name": "Angular",
            "skill_category": "code",
            "skill_logo": "../images/logos/skills-logos/angular/angularjs-original.svg"
        },
        {
            "id": 4,
            "skill_name": "React",
            "skill_category": "code",
            "skill_logo": "../images/logos/skills-logos/react/react-original.svg"
        },
        {
            "id": 5,
            "skill_name": "Node.js",
            "skill_category": "code",
            "skill_logo": "../images/logos/skills-logos/node/nodejs-original.svg"
        },
        {
            "id": 6,
            "skill_name": "jQuery",
            "skill_category": "code",
            "skill_logo": "../images/logos/skills-logos/jquery/jquery-original.svg"
        },
        {
            "id": 7,
            "skill_name": "Sass",
            "skill_category": "code",
            "skill_logo": "../images/logos/skills-logos/sass/sass-original.svg"
        },
        {
            "id": 8,
            "skill_name": "D3",
            "skill_category": "code",
            "skill_logo": "../images/logos/skills-logos/d3/d3js-original.svg"
        },
        {
            "id": 9,
            "skill_name": "Gulp",
            "skill_category": "code",
            "skill_logo": "../images/logos/skills-logos/gulp/gulp-plain.svg"
        },
        {
            "id": 10,
            "skill_name": "postgreSQL",
            "skill_category": "code",
            "skill_logo": "../images/logos/skills-logos/postgresql/postgresql-original.svg"
        },
        {
            "id": 11,
            "skill_name": "SMACSS",
            "skill_category": "code",
            "skill_logo": "../images/logos/skills-logos/smacss/smacss.svg"
        },
        {
            "id": 12,
            "skill_name": "Express",
            "skill_category": "code",
            "skill_logo": "../images/logos/skills-logos/express/express-original.svg"
        },
        {
            "id": 13,
            "skill_name": "Electron",
            "skill_category": "learning",
            "skill_logo": "../images/logos/skills-logos/electron/electron-original.svg"
        },
        {
            "id": 14,
            "skill_name": "GSAP",
            "skill_category": "learning",
            "skill_logo": "../images/logos/skills-logos/gsap/gsap-logo-man.svg"
        },
        {
            "id": 15,
            "skill_name": "Photoshop",
            "skill_category": "design",
            "skill_logo": "../images/logos/skills-logos/photoshop/photoshop-cc.svg"
        },
        {
            "id": 16,
            "skill_name": "Illustrator",
            "skill_category": "design",
            "skill_logo": "../images/logos/skills-logos/illustrator/adobe-illustrator-cc.svg"
        },
        {
            "id": 17,
            "skill_name": "After Effects",
            "skill_category": "design",
            "skill_logo": "../images/logos/skills-logos/aftereffects/after-effects-cc.svg"
        },
        {
            "id": 18,
            "skill_name": "Google Analytics",
            "skill_category": "marketing",
            "skill_logo": "../images/logos/skills-logos/googleanalytics/google-analytics-3.svg"
        },
        {
            "id": 19,
            "skill_name": "SEO",
            "skill_category": "marketing",
            "skill_logo": "../images/logos/skills-logos/seo/seo.svg"
        },
        {
            "id": 20,
            "skill_name": "Digital Marketing",
            "skill_category": "marketing",
            "skill_logo": "../images/logos/skills-logos/digitalmarketing/digital-marketing.svg"
        }
      
]
